,Organization,EIN,Tax Year,Contributions and Grants,Program service revenue,Investment Income,Total Revenue,"Compensation of current officers, directors, etc",Payroll Tax,Professional fundraising fees,Total Functional Expenses,Total Assets,Total Liabilities
0,Allegheny Children's Initiative,251728407,2021,286971.0,2291586.0,0.0,2579268,91307.0,113837.0,0.0,2532897,976289,189883
1,Allegheny Children's Initiative,251728407,2020,463814.0,2327284.0,0.0,2794009,93659.0,113444.0,0.0,2633273,1067833,327798
2,Allegheny Children's Initiative,251728407,2019,388464.0,2128148.0,0.0,2542898,88022.0,99419.0,0.0,2543685,1196808,617509
3,Children's Institute Of Pittsburgh The,232935278,2021,3713408.0,23512643.0,1299069.0,36419426,1529174.0,1168076.0,0.0,30014125,194158878,38237054
4,Children's Institute Of Pittsburgh The,232935278,2020,3688572.0,24348989.0,1262847.0,38389576,1366432.0,1315768.0,0.0,33968414,161136560,55057501
5,Children's Institute Of Pittsburgh The,232935278,2019,1264776.0,27657918.0,1305406.0,36253265,1194837.0,1387528.0,0.0,35824727,158687233,40900089
6,Goodwill Of Southwestern Pennsylvania,251098928,2021,16836449.0,47710632.0,28816.0,66107011,1088586.0,1508099.0,3642.0,55859996,31216419,12860879
7,Goodwill Of Southwestern Pennsylvania,251098928,2020,11174653.0,39456409.0,46061.0,51263693,614013.0,1771507.0,2602.0,54106544,27873379,20451949
8,Goodwill Of Southwestern Pennsylvania,251098928,2019,10691141.0,48272244.0,38091.0,59004387,877971.0,1992381.0,7753.0,59587867,21448596,11239576
9,Northern Area Multi-service Center Of Allegheny County,237139992,2021,8037648.0,95240.0,1992.0,8196392,93265.0,360532.0,0.0,7504734,4336112,1849656
10,Northern Area Multi-service Center Of Allegheny County,237139992,2020,8138408.0,95240.0,5183.0,8382469,92017.0,439526.0,0.0,8713889,3973383,2178585
11,Northern Area Multi-service Center Of Allegheny County,237139992,2019,8110964.0,58643.0,8379.0,8556478,133485.0,347209.0,0.0,8584287,3266192,1139974
12,Peoples Oakland Inc.,237407933,2021,816332.0,115.0,72.0,874619,0.0,27120.0,0.0,763562,1028365,229760
13,Peoples Oakland Inc.,237407933,2020,761818.0,3904.0,131.0,848797,0.0,27685.0,0.0,739634,974378,286830
14,Peoples Oakland Inc.,237407933,2019,750350.0,7742.0,100.0,807021,0.0,35638.0,0.0,861231,838694,260309
15,Center For Hearing And Deaf Services Inc.,250974324,2021,918120.0,2108952.0,19128.0,3118230,180923.0,87678.0,0.0,3342327,2793972,261749
16,Center For Hearing And Deaf Services Inc.,250974324,2020,1118368.0,2511676.0,21626.0,3662476,171231.0,85156.0,0.0,3516834,2778511,213510
17,Center For Hearing And Deaf Services Inc.,250974324,2019,613254.0,3180935.0,23762.0,3836164,192981.0,79931.0,0.0,4008532,2664269,246942
18,Pressley Ridge,250965460,2021,16109416.0,55311960.0,12062.0,71658870,1626521.0,2833565.0,0.0,71383858,38238031,11260112
19,Pressley Ridge,250965460,2020,16687949.0,59424746.0,12044.0,76241819,1808270.0,2877451.0,0.0,73609682,36871274,10400049
20,Pressley Ridge,250965460,2019,5223423.0,74007680.0,12256.0,79944623,1208470.0,2862372.0,0.0,73656391,33665244,9819790
21,Invision Customized Services,251701328,2021,0.0,49153629.0,0.0,49156313,0.0,2064985.0,0.0,48573956,21957854,11399212
22,Invision Customized Services,251701328,2020,0.0,51121186.0,0.0,51102575,0.0,1971371.0,0.0,47474209,15130089,5762852
23,Invision Customized Services,251701328,2019,0.0,47571089.0,0.0,47592932,0.0,1917606.0,0.0,47368331,9675516,4043177
24,Alpha House Inc.,251231807,2021,79860.0,881340.0,1516.0,1044230,0.0,39773.0,0.0,823260,1106324,150949
25,Alpha House Inc.,251231807,2020,89849.0,881405.0,3493.0,975472,75600.0,34738.0,0.0,702019,857889,123484
26,Alpha House Inc.,251231807,2019,14315.0,570512.0,227.0,585054,310079.0,26931.0,0.0,548367,492269,31317
27,Ellen O'brien Gaiser Addiction Center Inc.,237208331,2021,702594.0,3249354.0,10703.0,3982791,173291.0,129677.0,0.0,3167090,8720250,962779
28,Ellen O'brien Gaiser Addiction Center Inc.,237208331,2020,349775.0,3345842.0,56194.0,3765826,161535.0,154496.0,0.0,3038404,7460250,526217
29,Ellen O'brien Gaiser Addiction Center Inc.,237208331,2019,281363.0,3189355.0,18414.0,3501993,158943.0,155203.0,0.0,2917178,6397141,189960
30,Wesley Family Services,820653875,2021,1956243.0,55164651.0,103112.0,57226294,544922.0,2415525.0,0.0,55483676,21969339,15202698
31,Wesley Family Services,820653875,2020,1143812.0,57123624.0,69668.0,58345322,651912.0,2513751.0,0.0,57155787,15468739,10444716
32,Wesley Family Services,820653875,2019,3250909.0,39389438.0,30697.0,42682579,649347.0,1725196.0,0.0,38724632,15091512,11257024
33,Allies For Health + Wellbeing,251537128,2021,2980217.0,350157.0,26067.0,6585138,181328.0,193160.0,0.0,6220163,5603564,1664361
34,Allies For Health + Wellbeing,251537128,2020,2639792.0,325001.0,25621.0,6080023,423929.0,206803.0,0.0,5585190,4978519,1640267
35,Allies For Health + Wellbeing,251537128,2019,2325697.0,202916.0,23790.0,4908204,353553.0,161105.0,0.0,4528146,4143608,1312284
36,Three Rivers Youth,251206924,2021,2391282.0,0.0,97.0,2442392,209960.0,111863.0,0.0,2218195,1972184,1814901
37,Three Rivers Youth,251206924,2020,2189570.0,0.0,510.0,2195843,199471.0,108667.0,0.0,2095132,1709550,1776464
38,Three Rivers Youth,251206924,2019,2422344.0,0.0,375.0,2764216,208416.0,146319.0,0.0,2374440,1642277,1809902
39,Holy Family Institute Inc.,250984606,2021,16852532.0,6351327.0,0.0,23440748,317489.0,1063906.0,0.0,20913718,17575191,6029267
40,Holy Family Institute Inc.,250984606,2020,13373778.0,6756107.0,0.0,20387697,303639.0,1021135.0,0.0,19765580,14203695,5184801
41,Holy Family Institute Inc.,250984606,2019,11210120.0,5948631.0,0.0,17232461,313149.0,971770.0,0.0,17504550,10003397,1606620
42,Travelers Aid Society Of Pittsburgh,250965581,2021,3667185.0,105029.0,1463.0,3807423,177538.0,54108.0,0.0,3653314,7311165,634640
43,Travelers Aid Society Of Pittsburgh,250965581,2020,4687029.0,397512.0,137852.0,5297671,175590.0,80720.0,0.0,5401725,6072677,668701
44,Travelers Aid Society Of Pittsburgh,250965581,2019,6618965.0,355843.0,204447.0,7247721,166087.0,79795.0,0.0,6720291,5841489,412455
45,Early Learning Institute The,251151974,2021,147909.0,1735234.0,42898.0,1926041,79306.0,117333.0,0.0,2271532,7711183,1146250
46,Early Learning Institute The,251151974,2020,477775.0,2560891.0,137615.0,3148979,113653.0,175764.0,0.0,3314440,6549533,561021
47,Early Learning Institute The,251151974,2019,42103.0,2888907.0,133544.0,3232121,110042.0,174875.0,0.0,3302107,6597221,399459
48,Auberle,251712316,2021,1936185.0,13458992.0,0.0,15397907,398232.0,0.0,0.0,14351822,5710506,1568281
49,Auberle,251712316,2020,1563460.0,12807410.0,0.0,14370870,369423.0,426296.0,0.0,13937924,5250195,2154055
50,Auberle,251712316,2019,435788.0,13115774.0,0.0,13551562,359799.0,443018.0,0.0,13739729,3805829,1142635
51,Center For Family Excellence,251722184,2021,299.0,995662.0,80.0,997856,94521.0,58829.0,0.0,1342733,218173,328175
52,Center For Family Excellence,251722184,2019,0.0,1107340.0,42.0,1107382,127488.0,42447.0,0.0,1129239,436249,48954
53,Second Chance Inc. A,251729710,2021,40348127.0,0.0,61.0,40388974,420707.0,1007145.0,0.0,40391760,8840755,4657801
54,Second Chance Inc. A,251729710,2020,40205388.0,0.0,354.0,40267123,1310014.0,943988.0,0.0,40127614,10129152,5943412
55,Second Chance Inc. A,251729710,2019,40986751.0,0.0,2045.0,40988796,1236007.0,930730.0,0.0,41023621,8725536,4679305
56,Pittsburgh Action Against Rape,251253675,2021,3443608.0,136883.0,12933.0,3580544,140010.0,159544.0,0.0,3559831,3698681,736859
57,Pittsburgh Action Against Rape,251253675,2020,3669023.0,135645.0,17982.0,3855006,127277.0,168782.0,0.0,3808121,2927368,138087
58,Pittsburgh Action Against Rape,251253675,2019,3247108.0,140950.0,31866.0,3410629,121035.0,159582.0,0.0,3479379,2972229,239407
59,Mhy Family Services,251793268,2021,1566228.0,7595705.0,0.0,9729578,230917.0,399529.0,0.0,9147388,5594968,1750463
60,Mhy Family Services,251793268,2020,1280277.0,7206665.0,985.0,9153087,231499.0,386956.0,0.0,8897960,6473903,3211588
61,Mhy Family Services,251793268,2019,1598011.0,5969039.0,0.0,7570198,238779.0,324233.0,0.0,7701199,4924517,1917329
62,Harborcreek Youth Services,250993380,2021,750999.0,10189688.0,41291.0,11715940,334780.0,446519.0,0.0,10816105,9728431,1408833
63,Harborcreek Youth Services,250993380,2020,1737491.0,10264875.0,40829.0,12097485,451288.0,448972.0,0.0,10962398,9293195,2059719
64,Harborcreek Youth Services,250993380,2019,266203.0,9990873.0,43997.0,10378549,334007.0,442295.0,0.0,10645994,7792313,1754863
65,Jewish Association On Aging,251720606,2021,6902558.0,10110136.0,70034.0,21971210,793430.0,530736.0,66125.0,14238130,26438100,4572131
66,Jewish Association On Aging,251720606,2020,2234086.0,12050303.0,161987.0,14618875,804036.0,572575.0,0.0,12951237,22691081,8261586
67,Jewish Association On Aging,251720606,2019,2067643.0,14579837.0,284922.0,17170271,795840.0,634691.0,0.0,14268185,20236767,4478985
68,Neighborhood Legal Services Association,251157129,2021,7728383.0,29250.0,3206.0,7790377,396692.0,325132.0,0.0,7384051,4192632,1796129
69,Neighborhood Legal Services Association,251157129,2020,5792135.0,26183.0,4414.0,5825515,389629.0,289805.0,0.0,6238735,3726493,1736316
70,Neighborhood Legal Services Association,251157129,2019,5453424.0,39615.0,3723.0,5501587,387021.0,271710.0,0.0,5444278,2446987,43590
71,Sisters Place Inc.,251728330,2021,1536425.0,31944.0,1338.0,1551860,103877.0,36600.0,0.0,1673787,1243938,78328
72,Sisters Place Inc.,251728330,2020,1399837.0,33421.0,13390.0,1489175,94965.0,45246.0,0.0,1494213,1817300,413215
73,Sisters Place Inc.,251728330,2019,1210526.0,21496.0,17739.0,1256062,84854.0,45486.0,0.0,1287447,1851696,317083
74,Alle-kiski Area Hope Center Inc.,251365272,2021,3090864.0,0.0,194.0,3122432,176984.0,79621.0,0.0,2913709,1837035,195016
75,Alle-kiski Area Hope Center Inc.,251365272,2020,2340170.0,0.0,189.0,2340359,169843.0,68716.0,0.0,2402415,1579319,195799
76,Alle-kiski Area Hope Center Inc.,251365272,2019,1560881.0,0.0,195.0,1562230,173701.0,61969.0,0.0,1597528,1518636,93975
77,Outside In School Of Experiential Education Inc.,251644068,2021,1400748.0,7235998.0,89722.0,8726468,413880.0,319825.0,0.0,7886674,13800146,2451972
78,Outside In School Of Experiential Education Inc.,251644068,2020,256384.0,8680208.0,86611.0,9023203,288471.0,323764.0,0.0,8512559,13502459,3333949
79,Outside In School Of Experiential Education Inc.,251644068,2019,287510.0,7629357.0,96895.0,8013762,118700.0,286065.0,0.0,7340938,11949687,2289089
80,Casa Of Allegheny County,251735360,2021,989718.0,0.0,65.0,1044232,104156.0,26386.0,0.0,635017,708164,18328
81,Casa Of Allegheny County,251735360,2020,759440.0,0.0,3.0,791636,95107.0,32294.0,0.0,644233,407781,127160
82,Casa Of Allegheny County,251735360,2019,523169.0,0.0,48.0,597488,92232.0,30335.0,0.0,621310,171303,38085
83,Great Lakes Behavioral Research,251320550,2021,0.0,18294672.0,3523.0,18298195,904135.0,974672.0,0.0,17331688,9360108,5425180
84,Great Lakes Behavioral Research,251320550,2020,0.0,18478896.0,27724.0,18506620,941654.0,982494.0,0.0,18013458,8353797,5385377
85,Great Lakes Behavioral Research,251320550,2019,0.0,16887395.0,9355.0,16896750,824673.0,968743.0,0.0,16726883,4488499,2013241
86,Jewish Residential Services(jrs),251612868,2021,1409795.0,508159.0,28668.0,1979411,116585.0,57891.0,0.0,1339233,6509831,44950
87,Jewish Residential Services(jrs),251612868,2020,885207.0,613952.0,37255.0,1536414,114461.0,56792.0,0.0,1332963,5884904,313414
88,Jewish Residential Services(jrs),251612868,2019,826746.0,645854.0,43430.0,1516030,30720.0,52226.0,0.0,1282328,5955230,563089
89,Valley Care Association,251349943,2021,202922.0,157339.0,0.0,371607,0.0,0.0,0.0,389651,401819,46705
90,Valley Care Association,251349943,2020,207091.0,147145.0,0.0,354973,0.0,0.0,0.0,373552,367729,35553
91,Valley Care Association,251349943,2019,227958.0,415146.0,80.0,694974,0.0,1344.0,0.0,877367,429292,78537
92,Renewal Inc.,251312968,2021,2049710.0,12491147.0,0.0,14619716,455855.0,473947.0,0.0,13823428,61320091,42627139
93,Renewal Inc.,251312968,2020,0.0,12168821.0,0.0,12165771,455838.0,452903.0,0.0,13118873,57779091,39882427
94,Renewal Inc.,251312968,2019,0.0,12151292.0,0.0,12147294,427201.0,386612.0,67709.0,11631726,54504295,35654529
95,Resources For Human Development,231727133,2021,110517519.0,162391591.0,600662.0,273648038,2350641.0,12104248.0,0.0,272844131,100430605,74971759
96,Resources For Human Development,231727133,2020,2276521.0,271565229.0,174497.0,274023560,2391974.0,13530788.0,0.0,274393286,79164574,56695272
97,Resources For Human Development,231727133,2019,2864224.0,267073384.0,375691.0,270232968,2475823.0,12937095.0,0.0,266969552,69917270,47027223
98,Council Of Three Rivers American Indian Center Inc.,237176642,2021,19473415.0,4520.0,0.0,19524702,666367.0,594684.0,0.0,19472673,2198563,959931
99,Council Of Three Rivers American Indian Center Inc.,237176642,2020,21787718.0,28182.0,0.0,21908039,602738.0,439834.0,0.0,21817030,2321624,1135021
100,Council Of Three Rivers American Indian Center Inc.,237176642,2019,15594877.0,47587.0,0.0,15642464,503254.0,389131.0,0.0,15634466,1968072,872478
101,Catholic Charities Of The Diocese Of Pittsburgh Inc.,251326213,2021,10077961.0,261554.0,178688.0,11157440,0.0,343283.0,0.0,11415860,17139596,1616975
102,Catholic Charities Of The Diocese Of Pittsburgh Inc.,251326213,2020,9158411.0,276860.0,148570.0,10296995,0.0,325882.0,0.0,9383502,16543363,1578902
103,Catholic Charities Of The Diocese Of Pittsburgh Inc.,251326213,2019,7871077.0,365840.0,197254.0,8857232,0.0,400327.0,0.0,9349633,14914560,834347
104,Kidspeace National Centers Inc.,232654908,2021,5839854.0,52998693.0,255.0,58838802,282232.0,2142006.0,0.0,61994820,9979028,22466691
105,Kidspeace National Centers Inc.,232654908,2020,0.0,56912313.0,385.0,56912698,258637.0,2142929.0,0.0,60875783,12557527,21889172
106,Kidspeace National Centers Inc.,232654908,2019,0.0,56310884.0,0.0,56311234,247505.0,2330580.0,0.0,59691963,11749353,18605516
107,Adelphoi Village,251441744,2021,721055.0,42076765.0,8583.0,43421231,188171.0,1561838.0,0.0,40279007,21643256,2482993
108,Adelphoi Village,251441744,2020,690948.0,41897961.0,34796.0,43249948,169668.0,1608752.0,0.0,40745194,19689723,2780277
109,Adelphoi Village,251441744,2019,726426.0,39955371.0,267629.0,41449145,128400.0,1462289.0,0.0,39283527,16362755,1942411
110,Women's Center And Shelter Of Greater Pittsburgh,251264376,2021,8324209.0,75926.0,160348.0,9153277,283612.0,290051.0,0.0,7466678,33391841,12191116
111,Women's Center And Shelter Of Greater Pittsburgh,251264376,2020,7203960.0,75484.0,197806.0,7800378,301352.0,276017.0,0.0,7102263,30825850,12813872
112,Women's Center And Shelter Of Greater Pittsburgh,251264376,2019,5370306.0,76859.0,181540.0,6915681,267557.0,232341.0,0.0,6137708,29630256,12241207
113,Young Men's Christian Association Of Pittsburgh,250969497,2021,10436930.0,10396366.0,378382.0,22183003,380703.0,991891.0,0.0,23462862,75839539,26320957
114,Young Men's Christian Association Of Pittsburgh,250969497,2020,8517086.0,28271887.0,428490.0,37683508,478009.0,1516507.0,0.0,36164965,74067271,28095784
115,Young Men's Christian Association Of Pittsburgh,250969497,2019,7244481.0,29835689.0,457748.0,37889841,422251.0,1536248.0,0.0,38903452,78780811,31091124
116,Manchester Youth Development Center,237447953,2021,715927.0,33475.0,40038.0,986446,129231.0,42703.0,0.0,836937,3044781,41890
117,Manchester Youth Development Center,237447953,2020,876437.0,106123.0,42259.0,1026350,126509.0,61976.0,0.0,1005032,2647713,120599
118,Manchester Youth Development Center,237447953,2019,815011.0,686007.0,30569.0,2256030,127616.0,82638.0,0.0,1460285,2500868,54201
119,Plea,237007910,2021,231910.0,1952699.0,24946.0,2209555,141516.0,105510.0,0.0,1973504,2209555,0
120,Plea,237007910,2020,127315.0,2023608.0,42150.0,2193073,0.0,108737.0,0.0,1874294,1969900,1342
121,Plea,237007910,2019,175846.0,2163731.0,49592.0,2389169,0.0,112400.0,0.0,2219818,1688033,164653
122,Transitional Services Inc.,251198675,2021,8518337.0,323722.0,103.0,8842162,217659.0,0.0,0.0,7295663,10014611,3797503
123,Transitional Services Inc.,251198675,2020,7333342.0,344393.0,1550.0,7679285,159832.0,0.0,0.0,7119738,10418580,5747971
124,Transitional Services Inc.,251198675,2019,7444666.0,253981.0,1881.0,7700528,182707.0,0.0,0.0,7092452,10060998,5949936
125,Urban League Of Greater Pittsburgh Inc.,250965592,2021,6690723.0,0.0,7693.0,8190537,409431.0,255791.0,0.0,5977663,4722983,368224
126,Urban League Of Greater Pittsburgh Inc.,250965592,2020,5500005.0,0.0,13841.0,5770644,328416.0,260469.0,28000.0,6198050,3331508,1238989
127,Urban League Of Greater Pittsburgh Inc.,250965592,2019,6644005.0,0.0,41239.0,6954180,322073.0,301100.0,107625.0,6785069,3466383,949612
128,Every Child Inc.,232914614,2021,271792.0,4302625.0,0.0,4588051,112750.0,113780.0,0.0,3937955,1979487,248919
129,Every Child Inc.,232914614,2020,193178.0,4429441.0,0.0,5265190,119950.0,195431.0,0.0,4340813,1336117,255645
130,Every Child Inc.,232914614,2019,75303.0,3828127.0,0.0,3917554,112500.0,187373.0,0.0,3909368,463704,307609
131,George Junior Republic In Pennsylvania,250753320,2021,381682.0,19696427.0,0.0,21034446,149143.0,1245155.0,0.0,31821012,5724677,4374334
132,George Junior Republic In Pennsylvania,250753320,2020,250923.0,30024409.0,0.0,30278869,167259.0,1479116.0,0.0,36122665,9022277,9229431
133,George Junior Republic In Pennsylvania,250753320,2019,253595.0,31691060.0,0.0,31966289,249724.0,1517802.0,0.0,37570234,7270203,6850393
134,Bair Foundation Of Pennsylvania The,251840964,2021,16372129.0,11256.0,276.0,16491374,1500.0,438791.0,0.0,15946447,2408322,1074586
135,Bair Foundation Of Pennsylvania The,251840964,2020,15104776.0,42984.0,1588.0,15157048,0.0,406868.0,0.0,14864982,2453462,1664653
136,Bair Foundation Of Pennsylvania The,251840964,2019,13259180.0,24681.0,6084.0,13292692,0.0,208399.0,0.0,12795948,2294728,1797984
137,Summit School Inc.,251782296,2021,2449205.0,11970322.0,13195.0,14501172,243059.0,-1222849.0,0.0,12198330,9642175,2649273
138,Summit School Inc.,251782296,2020,460903.0,17173025.0,93815.0,17789163,242140.0,764712.0,0.0,18601046,12154037,7463977
139,Summit School Inc.,251782296,2019,453721.0,19585949.0,82269.0,20158971,257810.0,721460.0,0.0,19927780,10191426,4689483
140,Providence Connections,251730893,2021,773870.0,667645.0,35450.0,1548467,94576.0,62769.0,0.0,1685607,4836172,475524
141,Providence Connections,251730893,2020,806445.0,832104.0,49152.0,1717109,74000.0,75645.0,0.0,1898223,4616600,324548
142,Providence Connections,251730893,2019,1635060.0,951591.0,25550.0,2719647,80057.0,82560.0,0.0,2034996,4530228,69690
143,Community Human Services Corporation,251219610,2021,13438179.0,267837.0,35.0,13898808,325800.0,452446.0,0.0,14038230,9790880,1957596
144,Community Human Services Corporation,251219610,2020,10273364.0,310894.0,903.0,10590298,313599.0,309295.0,0.0,10521048,9390608,1963048
145,Community Human Services Corporation,251219610,2019,8118165.0,377193.0,6190.0,8600431,377396.0,309238.0,0.0,8897893,7771198,475290
146,Greater Valley Community Services Inc.,271078786,2021,1447173.0,517335.0,0.0,1970508,86576.0,81793.0,0.0,1582933,963916,331192
147,Greater Valley Community Services Inc.,271078786,2020,1010682.0,263416.0,0.0,1275455,75301.0,67273.0,0.0,1220531,737071,491922
148,Greater Valley Community Services Inc.,271078786,2019,1045996.0,168169.0,0.0,1215215,85000.0,68551.0,0.0,1328385,413845,223620
149,Kingsley Association The,250965412,2021,453538.0,1261132.0,291172.0,2003107,88940.0,76284.0,0.0,1828699,9855607,1103464
150,Kingsley Association The,250965412,2020,161772.0,1165206.0,234667.0,1540256,264901.0,61880.0,0.0,1865142,8385085,1041576
151,Kingsley Association The,250965412,2019,173600.0,1255684.0,228914.0,1676347,108370.0,72665.0,0.0,1905042,8572952,968167
152,Lutheran Service Society Of Western Pennsylvania The,250965419,2021,302273.0,1168817.0,94.0,1539180,0.0,51819.0,0.0,1413921,3024089,1471553
153,Lutheran Service Society Of Western Pennsylvania The,250965419,2020,374984.0,1348155.0,232.0,1772226,0.0,54109.0,0.0,1563528,2963290,1536013
154,Lutheran Service Society Of Western Pennsylvania The,250965419,2019,220187.0,1522647.0,247.0,1630520,0.0,60960.0,0.0,1658406,2918049,1699470
155,Maple Unified Student Academy Inc.,251368765,2021,470177.0,19657.0,0.0,489834,0.0,50132.0,0.0,377065,228443,0
156,Maple Unified Student Academy Inc.,251368765,2020,287431.0,107438.0,0.0,394869,0.0,19376.0,0.0,398558,187172,71498
157,Maple Unified Student Academy Inc.,251368765,2019,268428.0,124296.0,0.0,392724,0.0,24008.0,0.0,468149,127508,8998
158,Nami Keystone Pennsylvania,251477291,2021,1354012.0,402368.0,756.0,1772009,158740.0,80696.0,0.0,1792819,1080552,103319
159,Nami Keystone Pennsylvania,251477291,2020,1364466.0,405656.0,3504.0,1777653,158374.0,79451.0,0.0,1823696,1108349,110306
160,Nami Keystone Pennsylvania,251477291,2019,2143533.0,0.0,2589.0,2147822,141122.0,74113.0,0.0,1902232,1157725,113639
161,Citizen Care Inc.,251266401,2021,1804068.0,29842920.0,0.0,31646988,196523.0,1254582.0,0.0,31749203,15121931,5761481
162,Citizen Care Inc.,251266401,2020,1350724.0,32233695.0,19378.0,33603797,195098.0,1173055.0,0.0,31984304,12376697,4245576
163,Citizen Care Inc.,251266401,2019,52828.0,33993273.0,14154.0,34060255,172520.0,1111606.0,0.0,29981404,11650759,5139131
164,Community Specialists Corporation,251413040,2021,1738431.0,10019666.0,6748.0,11855053,259575.0,-1089213.0,0.0,9473003,13196167,3621248
165,Community Specialists Corporation,251413040,2020,155067.0,12376400.0,38039.0,12656474,260630.0,521068.0,0.0,12414689,14377470,7184601
166,Community Specialists Corporation,251413040,2019,171143.0,12784278.0,3446.0,12979687,249455.0,507856.0,0.0,12512500,9041984,2820288
167,Devereux Foundation,231390618,2021,17986681.0,498177411.0,1091144.0,522143583,5668175.0,23148542.0,0.0,543085103,307889000,278486000
168,Devereux Foundation,231390618,2020,8983975.0,508533028.0,681414.0,519709316,4923128.0,22500851.0,0.0,512659877,279008000,220321000
169,Devereux Foundation,231390618,2019,14630245.0,481177555.0,481549.0,497504170,5647129.0,20312558.0,0.0,475839709,210877000,158728000
170,Eastern Area Adult Services Inc.,251433314,2021,2048524.0,125415.0,303.0,2178208,91932.0,140138.0,0.0,1809871,895660,107056
171,Eastern Area Adult Services Inc.,251433314,2020,1701448.0,125169.0,3021.0,1854292,91784.0,160139.0,0.0,1884736,782873,362606
172,Eastern Area Adult Services Inc.,251433314,2019,1711479.0,150792.0,12.0,1864343,91932.0,200990.0,0.0,1919630,535686,84975
173,Outreach Teen And Family Services Inc.,251402188,2021,188918.0,210354.0,12058.0,477321,0.0,17634.0,0.0,432719,196691,88578
174,Outreach Teen And Family Services Inc.,251402188,2020,141713.0,221536.0,536.0,380069,0.0,21409.0,0.0,454476,154788,91277
175,Outreach Teen And Family Services Inc.,251402188,2019,83478.0,302852.0,3039.0,425741,0.0,24341.0,0.0,504265,167513,29595
176,Greater Pittsburgh Community Food Bank,251420599,2021,83582245.0,2254633.0,267223.0,86169867,957290.0,638355.0,701536.0,71952528,60747557,10580017
177,Greater Pittsburgh Community Food Bank,251420599,2020,80556736.0,2729133.0,194106.0,83614058,960874.0,515570.0,604278.0,61859835,43706866,6823923
178,Greater Pittsburgh Community Food Bank,251420599,2019,50997860.0,2508744.0,160484.0,53626512,762320.0,487601.0,459181.0,54452682,19274201,4160251
179,Hosanna House Inc.,251627718,2021,4754308.0,673168.0,0.0,5404420,436860.0,151483.0,0.0,4403426,15163115,613444
180,Hosanna House Inc.,251627718,2020,4109762.0,497016.0,13120.0,4619898,323302.0,133782.0,0.0,3985128,14536757,986451
181,Hosanna House Inc.,251627718,2019,3338261.0,839662.0,18178.0,4192575,346254.0,172220.0,0.0,4397550,13505516,589980
182,Perseus House Inc.,237123683,2021,33268.0,12601576.0,661113.0,13333724,513271.0,571766.0,0.0,11067839,9317166,932860
183,Perseus House Inc.,237123683,2020,108215.0,10920582.0,137841.0,11210543,293489.0,651286.0,0.0,12185646,8823140,2704719
184,Perseus House Inc.,237123683,2019,108284.0,11477470.0,177851.0,11841213,300960.0,587601.0,0.0,11725704,8022257,928733
185,Primary Care Health Services Inc.,251300356,2021,8381561.0,4132002.0,330.0,14223217,1130192.0,498123.0,0.0,12676989,5712042,1768501
186,Primary Care Health Services Inc.,251300356,2020,6510339.0,3208109.0,409.0,10535764,862134.0,423572.0,0.0,11874406,4436640,2810511
187,Primary Care Health Services Inc.,251300356,2019,8226364.0,2996316.0,2418.0,11420282,754663.0,488338.0,0.0,11550400,4173930,1209605
188,Passages To Recovery Inc.,251296999,2021,628725.0,6157555.0,0.0,6786280,161434.0,185945.0,0.0,3916478,9557114,1826252
189,Passages To Recovery Inc.,251296999,2020,1070293.0,3830688.0,0.0,4900981,161728.0,185701.0,0.0,3785710,6774333,1913273
190,Passages To Recovery Inc.,251296999,2019,188283.0,4356095.0,0.0,4544378,147869.0,182489.0,0.0,3811626,5651250,1905461
191,Ward Home Inc.,251346790,2021,106457.0,1883415.0,66498.0,2056370,0.0,0.0,0.0,1949038,3477053,19200
192,Ward Home Inc.,251346790,2020,86464.0,1370930.0,127.0,1457521,0.0,0.0,0.0,1696543,3236020,371071
193,Ward Home Inc.,251346790,2019,255612.0,1223956.0,1474.0,1630479,79232.0,0.0,0.0,2041757,3237290,143467
194,Blind And Vision Rehabilitation Services Of Pittsburgh,251803195,2021,1408528.0,809937.0,510685.0,3587455,333922.0,208575.0,0.0,4840448,38133664,18300422
195,Blind And Vision Rehabilitation Services Of Pittsburgh,251803195,2020,2003891.0,1135421.0,589000.0,4646588,439258.0,216957.0,0.0,5447071,36025928,18609187
196,Blind And Vision Rehabilitation Services Of Pittsburgh,251803195,2019,2696262.0,813597.0,581854.0,5142732,400934.0,243793.0,0.0,5809409,38294893,19759393
197,Plum Senior Community Center,251413004,2021,366533.0,19166.0,1329.0,407490,0.0,13734.0,0.0,396324,746254,54323
198,Plum Senior Community Center,251413004,2020,345970.0,21484.0,1898.0,402108,0.0,19360.0,0.0,366428,702290,3400
199,Plum Senior Community Center,251413004,2019,286217.0,19710.0,1982.0,342505,0.0,16500.0,0.0,393155,674974,11764
200,Blueprints,251153028,2021,27116946.0,441368.0,45955.0,27749250,705652.0,1070074.0,0.0,26869435,10847846,2171710
201,Blueprints,251153028,2020,22758769.0,277157.0,72496.0,23150876,558177.0,960342.0,0.0,22618831,9542152,1836509
202,Blueprints,251153028,2019,22366516.0,387540.0,72709.0,22881041,535757.0,1020920.0,0.0,22879816,8494788,1402362
203,Autism Society Of Pittsburgh Inc.,237350636,2021,408341.0,90310.0,48.0,528096,148845.0,24930.0,0.0,488245,458431,65874
204,Autism Society Of Pittsburgh Inc.,237350636,2020,295126.0,89000.0,249.0,404210,146152.0,23250.0,0.0,428842,368942,16236
205,Autism Society Of Pittsburgh Inc.,237350636,2019,380486.0,162200.0,136.0,560465,149998.0,30861.0,0.0,675566,396168,18830
206,Womanspace East Inc.,251314836,2021,854516.0,0.0,0.0,854516,86718.0,24889.0,0.0,702681,1007503,592697
207,Womanspace East Inc.,251314836,2020,911852.0,0.0,8.0,911860,82131.0,23852.0,0.0,655412,708852,445881
208,Womanspace East Inc.,251314836,2019,633252.0,0.0,3.0,633255,94404.0,24384.0,0.0,634104,438364,431967
209,Center For Victims,251307309,2021,7465993.0,12675.0,1709.0,7580631,537745.0,310704.0,0.0,7261856,2521265,480179
210,Center For Victims,251307309,2020,6774825.0,37699.0,4994.0,6916510,489450.0,282153.0,0.0,7268098,3395648,1678789
211,Center For Victims,251307309,2019,5499552.0,14597.0,6552.0,5708416,468246.0,249243.0,0.0,5989426,2731264,660826
212,Veterans Leadership Program Of Western Pennsylvania,251434643,2021,7378330.0,6338.0,32998.0,7560705,110141.0,250548.0,0.0,7129438,2368240,271992
213,Veterans Leadership Program Of Western Pennsylvania,251434643,2020,5525190.0,13325.0,19006.0,5642196,113360.0,204367.0,0.0,5329710,1834230,188928
214,Veterans Leadership Program Of Western Pennsylvania,251434643,2019,4238779.0,24951.0,20649.0,4437281,95823.0,164784.0,0.0,4418829,1433344,139781
215,Hilltop Community Children's Center,251762145,2021,286192.0,828331.0,370.0,1114893,41177.0,62132.0,0.0,1035396,660459,50368
216,Hilltop Community Children's Center,251762145,2020,66645.0,924688.0,806.0,992139,67693.0,55167.0,0.0,919773,698765,168171
217,Hilltop Community Children's Center,251762145,2019,2938.0,998352.0,1208.0,1002498,62279.0,55011.0,0.0,928955,486004,27776
218,East End Cooperative Ministry Inc.,231722988,2021,5747168.0,40861.0,127.0,6001863,225683.0,104529.0,0.0,5089891,12798337,1818456
219,East End Cooperative Ministry Inc.,231722988,2020,4252931.0,39273.0,394.0,4467957,269649.0,124143.0,0.0,4945996,12806952,2786109
220,East End Cooperative Ministry Inc.,231722988,2019,4681250.0,50741.0,132.0,9662748,215241.0,118321.0,0.0,4826973,14106153,3183133
221,Allegheny Healthchoices Inc.,251753032,2021,0.0,8485544.0,3788.0,8489332,664238.0,191844.0,0.0,8272327,22380125,19536460
222,Allegheny Healthchoices Inc.,251753032,2020,0.0,8984357.0,19443.0,9003800,693220.0,185772.0,0.0,8857883,8381688,5749646
223,Allegheny Healthchoices Inc.,251753032,2019,0.0,8900476.0,61244.0,8961720,639226.0,183989.0,0.0,8753529,10692907,8244402
224,Pittsburgh Opera,251073139,2021,5248897.0,128142.0,441760.0,6188639,409025.0,147012.0,0.0,4383041,30661047,1208578
225,Pittsburgh Opera,251073139,2020,7046091.0,796478.0,569832.0,7929497,427731.0,257194.0,24926.0,6418496,25367502,1620494
226,Pittsburgh Opera,251073139,2019,4557502.0,1649338.0,707775.0,7109290,418370.0,280675.0,127172.0,7336667,24563935,2515278
227,United Way Of Southwestern Pennsylvania,251043578,2021,47689680.0,3679094.0,762586.0,53624606,751879.0,363843.0,0.0,41987504,76936352,20857054
228,United Way Of Southwestern Pennsylvania,251043578,2020,40466179.0,2999856.0,692731.0,44115100,455831.0,407585.0,0.0,38843606,60269380,24390068
229,United Way Of Southwestern Pennsylvania,251043578,2019,35851320.0,2662918.0,754358.0,41788306,595859.0,388216.0,0.0,39871041,54240024,22203356
230,Southwestern Pennsylvania Partnership For Aging,251643564,2021,328038.0,18430.0,43.0,346511,0.0,0.0,0.0,383267,354584,4481
231,Southwestern Pennsylvania Partnership For Aging,251643564,2020,330786.0,15185.0,37.0,346008,0.0,0.0,0.0,140498,399079,12220
232,Southwestern Pennsylvania Partnership For Aging,251643564,2019,39166.0,44616.0,24.0,83806,0.0,0.0,0.0,183326,181349,0
233,Easter Seals Western And Central Pennsylvania,250965215,2021,4296194.0,5243770.0,201611.0,9761847,243650.0,659421.0,0.0,9228750,11456066,3679140
234,Easter Seals Western And Central Pennsylvania,250965215,2020,3504618.0,5374144.0,216900.0,9095979,234395.0,537754.0,0.0,9081030,10087409,4308493
235,Easter Seals Western And Central Pennsylvania,250965215,2019,643327.0,9092295.0,162555.0,9878111,224648.0,521857.0,0.0,9210094,8793060,3180839
236,Lifespan Inc.,237319621,2021,4411830.0,61142.0,286038.0,4616449,175412.0,197062.0,0.0,4499928,3181697,941952
237,Lifespan Inc.,237319621,2020,4239502.0,162835.0,1649.0,4431163,172966.0,188301.0,0.0,4583789,3036892,1179226
238,Lifespan Inc.,237319621,2019,3836421.0,189229.0,274.0,4059791,171985.0,157893.0,0.0,4146607,2981426,1217769
239,Adoption Connection. Pa,262114941,2021,39727.0,2302303.0,3410.0,2346082,68807.0,61520.0,0.0,2076843,2468328,331286
240,Adoption Connection. Pa,262114941,2020,188696.0,1572639.0,8058.0,1770892,69303.0,57059.0,0.0,1492570,2055995,188192
241,Adoption Connection. Pa,262114941,2019,1432739.0,65729.0,9089.0,1554305,63125.0,50396.0,0.0,1469478,1764474,174993
242,Mainstay Life Services,251215557,2021,4624201.0,23251213.0,178084.0,28130633,530165.0,1089248.0,0.0,22686540,22073883,4462926
243,Mainstay Life Services,251215557,2020,1046784.0,20991362.0,126857.0,22219530,2339211.0,1007799.0,0.0,20126427,19077264,7714905
244,Mainstay Life Services,251215557,2019,799057.0,20040986.0,122490.0,21137637,2420855.0,887228.0,0.0,19106152,13928067,4566177
245,Achieva,251505216,2021,1114788.0,0.0,425528.0,1853128,0.0,9987.0,0.0,1780582,49095357,360725
246,Achieva,251505216,2020,1411985.0,0.0,598937.0,2535846,0.0,9645.0,0.0,1442623,42988959,2206756
247,Achieva,251505216,2019,1802383.0,0.0,569000.0,2704048,0.0,10377.0,0.0,1352333,35224440,162517
248,Rankin Christian Center,200114753,2021,549621.0,2990047.0,20173.0,3610265,109576.0,135716.0,0.0,3156317,4897438,888133
249,Rankin Christian Center,200114753,2020,632601.0,2905769.0,40328.0,3576565,110074.0,137405.0,0.0,3165115,4092706,565648
250,Rankin Christian Center,200114753,2019,472170.0,3073649.0,45197.0,3631959,110469.0,134244.0,0.0,3160250,3667917,555365
251,Community Living And Support Services Inc.,250987252,2021,8884997.0,544187.0,123949.0,9605245,236536.0,802254.0,0.0,10193809,14676332,5368969
252,Community Living And Support Services Inc.,250987252,2020,9423189.0,974513.0,113229.0,10575358,235736.0,884415.0,0.0,10776730,14170450,5223836
253,Community Living And Support Services Inc.,250987252,2019,9891031.0,1257640.0,120373.0,11331973,286528.0,888335.0,0.0,11521923,12998206,3863848
254,Family Resources,250728060,2021,5956408.0,799498.0,89344.0,6845250,307420.0,243195.0,25561.0,6636201,16029218,1354131
255,Family Resources,250728060,2020,5009309.0,850840.0,44410.0,7221454,244193.0,313844.0,14262.0,8735181,13180619,1140013
256,Family Resources,250728060,2019,6187053.0,1154671.0,45691.0,7457999,166144.0,330194.0,0.0,7486666,14122617,391410
257,Arsenal Family And Children's Center,251389965,2021,407634.0,152555.0,24088.0,607376,81370.0,26879.0,0.0,526053,1114390,81149
258,Arsenal Family And Children's Center,251389965,2020,307277.0,198595.0,51678.0,568786,79780.0,26677.0,0.0,528806,833208,80216
259,Arsenal Family And Children's Center,251389965,2019,302753.0,231706.0,77547.0,632548,73721.0,27400.0,0.0,564987,815066,5588
260,Three Rivers Adoption Council Inc.,251383638,2021,97632.0,3251671.0,2139.0,3351442,130645.0,120556.0,0.0,3254389,2802890,471137
261,Three Rivers Adoption Council Inc.,251383638,2020,114159.0,2754687.0,3077.0,3178583,134130.0,108653.0,0.0,2936910,2679579,444879
262,Three Rivers Adoption Council Inc.,251383638,2019,108413.0,2474118.0,5069.0,2618000,121763.0,100547.0,0.0,2610549,2431434,438407
263,Kidsvoice Pennsylvania Inc.,264196997,2021,162428.0,6400700.0,35037.0,6599088,330593.0,272456.0,0.0,5498042,7340747,1437874
264,Kidsvoice Pennsylvania Inc.,264196997,2020,145000.0,5333800.0,56242.0,5625206,166196.0,268241.0,0.0,5537914,5273039,1344992
265,Kidsvoice Pennsylvania Inc.,264196997,2019,76000.0,4225000.0,65658.0,4367663,164927.0,242422.0,0.0,5226048,3580432,456155
266,Small Seeds Development Inc.,251834826,2021,500903.0,0.0,0.0,500903,65000.0,22214.0,0.0,446539,82032,103143
267,Small Seeds Development Inc.,251834826,2020,484231.0,0.0,0.0,484231,0.0,26709.0,0.0,443700,131898,207373
268,Small Seeds Development Inc.,251834826,2019,729180.0,0.0,0.0,737940,89333.0,47092.0,0.0,911755,43977,159983
269,Milestone Centers Inc,251213006,2021,6036181.0,13256582.0,35323.0,19762853,758868.0,806289.0,0.0,21406337,12037490,5090795
270,Milestone Centers Inc,251213006,2020,6420134.0,15209273.0,37181.0,22114959,573031.0,845679.0,0.0,22117944,10820563,3817060
271,Milestone Centers Inc,251213006,2019,5277642.0,18237161.0,30626.0,24101094,534562.0,965351.0,0.0,23809322,10578174,3570480
272,Young Women's Christian Association Of Greater Pittsburgh,250965639,2021,22573314.0,1200931.0,1305517.0,26692326,0.0,175292.0,0.0,5731425,74057775,729223
273,Young Women's Christian Association Of Greater Pittsburgh,250965639,2020,1986323.0,1026163.0,1099403.0,3334378,350510.0,206794.0,0.0,5602244,46579908,556569
274,Young Women's Christian Association Of Greater Pittsburgh,250965639,2019,70021713.0,337745.0,1197727.0,74520904,410068.0,397984.0,0.0,71855983,56916413,8744976
275,Gateway Rehabilitation Center,251204418,2021,834452.0,25506047.0,952510.0,27374733,1286421.0,1033193.0,0.0,27558045,25222218,10522166
276,Gateway Rehabilitation Center,251204418,2020,3894734.0,26810725.0,83153.0,30919379,699996.0,1088387.0,0.0,29039202,25597444,10849519
277,Gateway Rehabilitation Center,251204418,2019,876868.0,27290599.0,261896.0,28577055,700272.0,1192162.0,0.0,32073918,25607124,12650588
278,Mercy Life Center Corporation,251604115,2021,4281395.0,98668015.0,6217478.0,111350814,0.0,3423805.0,0.0,100910119,112504753,46070148
279,Mercy Life Center Corporation,251604115,2020,3968332.0,92311473.0,1915312.0,99636699,0.0,3532200.0,0.0,100523179,99748068,44715016
280,Mercy Life Center Corporation,251604115,2019,2331233.0,95038932.0,28507.0,97882594,776714.0,3447888.0,0.0,96151027,76512355,20446539
281,Allegheny Valley Association Of Churches Inc.,251234556,2021,1109489.0,29143.0,16736.0,1156146,0.0,23432.0,0.0,832966,991662,10181
282,Allegheny Valley Association Of Churches Inc.,251234556,2020,790594.0,40473.0,5230.0,839143,44231.0,22026.0,0.0,818724,728117,70302
283,Allegheny Valley Association Of Churches Inc.,251234556,2019,771819.0,52107.0,4361.0,828731,45874.0,21944.0,0.0,842240,613986,561
284,Sojourner House Inc.,251737004,2021,104102.0,1783470.0,10896.0,1897997,149343.0,71161.0,0.0,1602322,2084859,569887
285,Sojourner House Inc.,251737004,2020,168716.0,1515757.0,37.0,1682783,123234.0,79415.0,0.0,1516041,1701112,580511
286,Sojourner House Inc.,251737004,2019,134089.0,1253074.0,69.0,1383899,102398.0,83615.0,0.0,1482600,1221746,268954
287,Persad Center Inc.,251234680,2021,872813.0,1628670.0,61.0,2469396,93409.0,150673.0,0.0,2435876,727046,498524
288,Persad Center Inc.,251234680,2020,503218.0,1502148.0,101.0,1997325,48042.0,117659.0,0.0,2267076,605225,410223
289,Persad Center Inc.,251234680,2019,246894.0,1513409.0,186.0,1920395,0.0,132712.0,0.0,2434671,708038,534428
290,Pennsylvania Organization For Women In Early Recovery,251643651,2021,2013330.0,4098719.0,248673.0,6389659,398735.0,255301.0,0.0,5478290,7372770,485150
291,Pennsylvania Organization For Women In Early Recovery,251643651,2020,1403602.0,3909318.0,148724.0,5492132,410667.0,258203.0,0.0,5435341,5931074,646282
292,Pennsylvania Organization For Women In Early Recovery,251643651,2019,712790.0,3535931.0,191235.0,4452970,363302.0,229405.0,0.0,4869339,5790240,387686
293,Youth Enrichment Services Inc.,251737929,2021,1148010.0,0.0,26348.0,1179378,77662.0,84564.0,0.0,966591,534243,197351
294,Youth Enrichment Services Inc.,251737929,2020,831202.0,0.0,20513.0,851715,68240.0,53159.0,0.0,913966,456136,332031
295,Youth Enrichment Services Inc.,251737929,2019,851834.0,2035.0,10327.0,864196,0.0,91889.0,0.0,832861,284255,97899
296,Passavant Memorial Homes Inc.,251021794,2021,45694.0,79406342.0,11862.0,81360787,0.0,3464739.0,0.0,82036090,39485382,12541074
297,Passavant Memorial Homes Inc.,251021794,2020,55386.0,85023314.0,36251.0,85657842,0.0,3396469.0,0.0,80405843,42243908,14775327
298,Passavant Memorial Homes Inc.,251021794,2019,43042.0,85669711.0,82911.0,87000118,0.0,3473850.0,0.0,83605391,35521616,13175830
299,Step By Step Inc.,232053563,2021,60004.0,76654085.0,25536.0,77394755,895425.0,3302506.0,0.0,75931309,34766610,13528432
300,Step By Step Inc.,232053563,2020,26153.0,76654089.0,122003.0,77102183,603070.0,3227192.0,0.0,74771583,35199527,15684260
301,Step By Step Inc.,232053563,2019,4525.0,73401290.0,47965.0,73765793,593659.0,3073467.0,2000.0,71733189,30517179,13455030
302,Touching Families Inc.,251881058,2021,858645.0,0.0,0.0,858645,103777.0,39731.0,0.0,776622,586588,30431
303,Touching Families Inc.,251881058,2020,849442.0,0.0,0.0,850165,102763.0,44266.0,0.0,845192,497695,23561
304,Touching Families Inc.,251881058,2019,865692.0,0.0,0.0,866301,98895.0,50638.0,0.0,888070,482726,13565
305,Residential Resources Inc.,232502873,2021,192600.0,5221624.0,11773.0,5452352,152213.0,60898.0,0.0,4816568,24762468,10662672
306,Residential Resources Inc.,232502873,2020,0.0,5087235.0,69965.0,5401491,154180.0,63110.0,0.0,4622162,26222096,13191078
307,Residential Resources Inc.,232502873,2019,20000.0,5247923.0,88333.0,5519108,151233.0,63269.0,0.0,5108142,30362112,17616254
308,Macedonia Family And Community Enrichment Center Inc.,251778222,2021,2210621.0,330603.0,907.0,2589566,175641.0,121020.0,0.0,2790602,1638072,116817
309,Macedonia Family And Community Enrichment Center Inc.,251778222,2020,2901657.0,248684.0,3385.0,3205997,197450.0,115054.0,0.0,2482171,1821652,99361
310,Macedonia Family And Community Enrichment Center Inc.,251778222,2019,1824386.0,0.0,2813.0,1864251,206062.0,74693.0,0.0,1475190,1062381,83916
311,Tadiso Inc.,237254904,2021,2125691.0,9818000.0,97484.0,12041175,241020.0,0.0,0.0,9088682,9306563,1375877
312,Tadiso Inc.,237254904,2020,244976.0,8827827.0,2743.0,9076046,234000.0,0.0,0.0,7943802,6553741,1828708
313,Tadiso Inc.,237254904,2019,1968401.0,6005664.0,2033.0,7995129,218000.0,0.0,0.0,7503047,4516963,924174
314,Youthplaces,432068912,2021,1746934.0,0.0,0.0,1753204,139515.0,88500.0,0.0,1636786,513219,274955
315,Youthplaces,432068912,2020,1679052.0,0.0,0.0,1695621,132926.0,86127.0,0.0,1549444,649718,527872
316,Youthplaces,432068912,2019,1585230.0,0.0,0.0,1594185,129791.0,102634.0,0.0,1716487,565988,590319
317,Riverview Community Action Corporation,251180251,2021,245920.0,27046.0,1.0,272967,56631.0,11174.0,0.0,252249,399615,77227
318,Riverview Community Action Corporation,251180251,2020,244517.0,35312.0,0.0,279829,59717.0,11945.0,0.0,278470,384663,82993
319,Riverview Community Action Corporation,251180251,2019,280171.0,40816.0,0.0,320987,53124.0,11302.0,0.0,280617,405103,104792
320,Woods Services Inc.,231322002,2021,2656264.0,129007315.0,71036.0,134599631,5316556.0,10751786.0,0.0,128379675,90653403,53118439
321,Woods Services Inc.,231322002,2020,2645998.0,134239951.0,174076.0,139090671,5756884.0,9788112.0,0.0,134445382,91322268,86518553
322,Woods Services Inc.,231322002,2019,1066185.0,128669205.0,240402.0,131963843,3666079.0,8712447.0,0.0,136705054,89152848,66800547
323,Residential Care Services Inc.,251444331,2021,4916574.0,560256.0,575.0,5477405,118740.0,238719.0,0.0,5450252,3165700,941076
324,Residential Care Services Inc.,251444331,2020,4669457.0,582788.0,11224.0,5263469,106621.0,218925.0,0.0,5251427,3452697,1255226
325,Residential Care Services Inc.,251444331,2019,4472949.0,548931.0,15426.0,5037306,91540.0,221059.0,0.0,5020348,2748197,562768
326,Youth Advocate Program Inc,231977514,2021,5749180.0,68987364.0,87541.0,75184938,863975.0,5229752.0,0.0,72594169,37781984,19535824
327,Youth Advocate Program Inc,231977514,2020,4381942.0,73999905.0,109716.0,78689708,828654.0,4516114.0,0.0,77521247,30351194,15271988
328,Youth Advocate Program Inc,231977514,2019,4384767.0,72548122.0,138331.0,77063794,1250755.0,4328774.0,0.0,74020156,25791641,11813137
329,Ursuline Support Services,251401610,2021,1587752.0,272664.0,3.0,1864394,174802.0,85724.0,0.0,1779212,772081,243877
330,Ursuline Support Services,251401610,2020,1561639.0,309393.0,4.0,1874757,157197.0,74414.0,0.0,1587410,770947,327925
331,Ursuline Support Services,251401610,2019,1232200.0,366575.0,4.0,1609493,154755.0,69878.0,0.0,1525861,453197,297522
332,Keystone Service Systems,231915567,2021,22666810.0,137591506.0,20900.0,160483105,0.0,6482707.0,0.0,154488094,77147483,35660673
333,Keystone Service Systems,231915567,2020,19753077.0,138296084.0,12977.0,158547971,0.0,6254061.0,0.0,150390403,72429859,37114304
334,Keystone Service Systems,231915567,2019,14828187.0,133751356.0,13873.0,148770158,0.0,5785890.0,0.0,144237972,64572730,37437367
335,Peer Support & Advocacy Network,753065438,2021,1051068.0,779708.0,263.0,1831302,113583.0,72788.0,0.0,1740816,953856,190696
336,Peer Support & Advocacy Network,753065438,2020,1064688.0,787367.0,846.0,1852901,112068.0,77633.0,0.0,1870095,847323,174649
337,Peer Support & Advocacy Network,753065438,2019,1087113.0,873459.0,592.0,1964188,108152.0,89499.0,0.0,1961278,823483,134070
338,South Hills Interfaith Ministries,251213332,2021,4259417.0,0.0,5045.0,4325668,97826.0,81471.0,0.0,2287856,4859665,196020
339,South Hills Interfaith Ministries,251213332,2020,4333890.0,0.0,0.0,4450831,83502.0,90295.0,0.0,2785735,3022050,396217
340,South Hills Interfaith Ministries,251213332,2019,2430960.0,0.0,418.0,2539660,79050.0,82160.0,0.0,2414838,1093939,133202
341,Prevention Point Pittsburgh,251852314,2021,452318.0,446569.0,289.0,900730,65975.0,38816.0,0.0,1106528,1069038,5480
342,Prevention Point Pittsburgh,251852314,2020,528300.0,458347.0,4297.0,1004053,62089.0,24305.0,0.0,687074,1269356,0
343,Prevention Point Pittsburgh,251852314,2019,438155.0,367474.0,1294.0,811867,54790.0,22679.0,0.0,541990,965372,12995
344,Gaudenzia Inc.,231706895,2021,32530064.0,59802468.0,13.0,93926293,1603922.0,3058873.0,0.0,88490249,38360136,17432424
345,Gaudenzia Inc.,231706895,2020,25900567.0,69545000.0,187.0,95729483,1145156.0,3310896.0,0.0,97729296,25506434,10014766
346,Gaudenzia Inc.,231706895,2019,24872130.0,68504321.0,4.0,93790111,1290906.0,2745775.0,0.0,88531432,25958697,8467216
347,Keystone Adolescent Center,251710410,2021,1487119.0,4789112.0,7410.0,6287641,194842.0,259096.0,0.0,5207935,2447736,737182
348,Keystone Adolescent Center,251710410,2020,77143.0,4580170.0,5051.0,4670855,190421.0,266742.0,0.0,5290915,2156261,1525413
349,Keystone Adolescent Center,251710410,2019,99433.0,5141241.0,3719.0,5244029,187928.0,243241.0,0.0,5188340,1498993,248085
350,Diakon Child Family & Community Ministries,465390969,2021,5108878.0,22838016.0,58842.0,28006448,0.0,0.0,0.0,23875557,23881449,9315676
351,Diakon Child Family & Community Ministries,465390969,2020,2587956.0,21213124.0,34749.0,23840861,0.0,0.0,0.0,23211076,19422778,9155916
352,Diakon Child Family & Community Ministries,465390969,2019,2346135.0,22566464.0,28601.0,24963863,0.0,0.0,0.0,23960935,17675566,8330941
353,Central Outreach Resource And Referral Center,141905430,2021,302379.0,0.0,0.0,302379,120074.0,17398.0,0.0,347945,13905,5000
354,Central Outreach Resource And Referral Center,141905430,2020,383438.0,0.0,0.0,383438,112296.0,20071.0,0.0,322407,86451,17669
355,Central Outreach Resource And Referral Center,141905430,2019,204487.0,162556.0,0.0,367043,83273.0,16138.0,0.0,270842,67235,48627
356,Pa Connecting Communities,201118762,2020,146150.0,5361619.0,5764.0,5513533,0.0,278135.0,0.0,5073496,3014860,1345611
357,Pa Connecting Communities,201118762,2019,119234.0,4643049.0,4808.0,4767091,0.0,285255.0,0.0,4965286,1611627,382415
358,Melting Pot Ministries,141942636,2021,622075.0,0.0,0.0,622075,0.0,23218.0,0.0,457633,214138,65260
359,Melting Pot Ministries,141942636,2020,348387.0,0.0,0.0,359046,0.0,17846.0,0.0,353530,118586,134150
360,Melting Pot Ministries,141942636,2019,385966.0,240.0,0.0,386777,0.0,21823.0,0.0,408776,49802,70882
361,Mount Ararat Community Activity Center,251628168,2021,1118902.0,1446310.0,54.0,2702758,0.0,79974.0,0.0,1693974,1823888,118955
362,Mount Ararat Community Activity Center,251628168,2020,293964.0,1520968.0,2.0,1911022,0.0,65241.0,0.0,1444073,1007861,311712
363,Mount Ararat Community Activity Center,251628168,2019,825644.0,1347140.0,3.0,2296309,0.0,88643.0,0.0,1966936,876235,399535
364,Homeless Children's Education Fund,251820564,2021,1247691.0,0.0,29994.0,1390205,145874.0,40694.0,0.0,961101,3208140,30652
365,Homeless Children's Education Fund,251820564,2020,1073122.0,0.0,22997.0,1200171,107549.0,35041.0,0.0,799938,2654299,16491
366,Homeless Children's Education Fund,251820564,2019,656237.0,0.0,32465.0,785614,86920.0,34207.0,0.0,837352,2222935,58356
367,Alternative Living Solutions,611489236,2021,0.0,1686807.0,1060.0,1688351,0.0,69778.0,0.0,1611418,1672655,65115
368,Alternative Living Solutions,611489236,2020,199000.0,1631760.0,747.0,1872022,0.0,67611.0,0.0,1658031,1614788,79565
369,Alternative Living Solutions,611489236,2019,0.0,1732152.0,0.0,1735844,0.0,65459.0,0.0,1521670,1415361,94129
370,Project Destiny Inc.,260091366,2021,754284.0,927529.0,-4662.0,1945475,72554.0,111381.0,0.0,2098347,2368372,69583
371,Project Destiny Inc.,260091366,2020,1677491.0,896330.0,0.0,2573821,0.0,104390.0,0.0,1906616,2704574,252912
372,Project Destiny Inc.,260091366,2019,333832.0,996090.0,0.0,1329922,0.0,80179.0,0.0,1671948,1861426,76969
373,Children And Adults Developmental Agency Programs,251721336,2021,71888.0,154930.0,0.0,227712,46762.0,6276.0,0.0,159585,504057,123288
374,Children And Adults Developmental Agency Programs,251721336,2020,123980.0,3057.0,0.0,127037,45543.0,8194.0,0.0,154531,471739,129777
375,Children And Adults Developmental Agency Programs,251721336,2019,236777.0,6682.0,0.0,243459,45526.0,6011.0,0.0,143697,419559,49792
376,Ozanam Inc.,743162792,2021,413381.0,4460.0,0.0,419233,45751.0,3682.0,0.0,379298,112496,0
377,Ozanam Inc.,743162792,2020,84456.0,149739.0,0.0,236291,0.0,7093.0,0.0,266711,72561,0
378,Ozanam Inc.,743162792,2019,107000.0,201043.0,0.0,308043,45900.0,0.0,0.0,277198,102981,0
379,Manchester Craftsmen's Guild,237113478,2021,3638004.0,381788.0,115683.0,4460670,0.0,61051.0,0.0,2385169,15522345,2042956
380,Manchester Craftsmen's Guild,237113478,2020,2811438.0,1248811.0,224410.0,4392094,0.0,11291.0,0.0,3417375,13899857,3750855
381,Manchester Craftsmen's Guild,237113478,2019,1746270.0,1387461.0,222683.0,3511816,0.0,71792.0,0.0,3420175,13560875,4267118
382,Onala Recovery Center Inc.,251308286,2021,383990.0,31419.0,0.0,456033,0.0,19646.0,0.0,442596,2181223,204026
383,Onala Recovery Center Inc.,251308286,2020,624177.0,22494.0,1.0,675289,42856.0,7135.0,0.0,278672,2161758,197998
384,Onala Recovery Center Inc.,251308286,2019,984455.0,32613.0,10.0,1073531,40200.0,12596.0,0.0,291053,1659144,92001
385,Community Care Connections,251211863,2021,1328791.0,5515067.0,9507.0,6885576,144167.0,287394.0,0.0,5560083,5711771,796170
386,Community Care Connections,251211863,2020,598690.0,5742371.0,6578.0,6376782,311707.0,296508.0,0.0,5784497,5507054,1916946
387,Community Care Connections,251211863,2019,595341.0,5311959.0,2438.0,5949882,167221.0,246416.0,0.0,4889642,3825311,827488
388,Education Law Center - Pa,232581102,2021,3276730.0,216650.0,41754.0,3536434,170177.0,94685.0,88191.0,2241392,7514729,544032
389,Education Law Center - Pa,232581102,2020,1452191.0,49400.0,16925.0,1517896,167794.0,93201.0,108540.0,2199825,6076468,484062
390,Education Law Center - Pa,232581102,2019,2251296.0,37340.0,101623.0,2390259,129372.0,89767.0,91200.0,2027661,6362604,176376
391,Allegheny Family Network,202080261,2021,3857059.0,0.0,137.0,3882484,141375.0,156883.0,0.0,3789122,969231,525422
392,Allegheny Family Network,202080261,2020,3597624.0,0.0,133.0,3608293,125815.0,164984.0,0.0,3525203,1194569,844122
393,Allegheny Family Network,202080261,2019,3168101.0,0.0,100.0,3184595,118895.0,139183.0,0.0,3253683,848637,581280
394,Center Of Life,10617023,2021,4113288.0,550576.0,448.0,4666316,148343.0,185102.0,0.0,2617312,3325408,69350
395,Center Of Life,10617023,2020,1831382.0,361068.0,437.0,2195057,137760.0,126923.0,0.0,1857088,1281254,74200
396,Center Of Life,10617023,2019,960794.0,229958.0,624.0,1192889,125600.0,96610.0,0.0,1562037,953127,84042
397,Heritage Community Initiatives,251442838,2021,3776647.0,127577.0,28492.0,4097397,219140.0,148557.0,0.0,3860710,3591779,472655
398,Heritage Community Initiatives,251442838,2020,3420162.0,204452.0,39814.0,3982975,102867.0,119938.0,0.0,3555859,3695097,1069782
399,Heritage Community Initiatives,251442838,2019,2903576.0,287859.0,42546.0,3467785,103090.0,128806.0,0.0,3426672,3124383,946054
400,Brothers And Sisters Emerging,262729390,2021,586720.0,10485.0,0.0,601526,194637.0,26871.0,0.0,515907,207447,31043
401,Brothers And Sisters Emerging,262729390,2020,387609.0,26358.0,0.0,419426,146038.0,17427.0,0.0,362982,126404,35619
402,Brothers And Sisters Emerging,262729390,2019,297689.0,28068.0,0.0,336497,126329.0,15948.0,0.0,339993,73581,39240
403,Trying Together,256089906,2021,2539205.0,10059329.0,0.0,12658576,157765.0,254054.0,0.0,11863987,3628781,260618
404,Trying Together,256089906,2020,2268090.0,2816830.0,0.0,5115286,144998.0,215102.0,0.0,4489654,2751055,177481
405,Trying Together,256089906,2019,1909400.0,876384.0,0.0,2801050,141933.0,115363.0,0.0,2533688,2012131,64189
406,Wireless Neighborhoods,200557748,2021,1612122.0,5369.0,1126.0,1618617,0.0,0.0,0.0,1471933,1254850,107805
407,Wireless Neighborhoods,200557748,2020,1663270.0,3529.0,13042.0,1679841,0.0,0.0,0.0,1688604,1110530,110169
408,Wireless Neighborhoods,200557748,2019,1679511.0,2474.0,7302.0,1689287,0.0,0.0,0.0,1681523,1113038,103914
409,Taylor Diversion Programs,455413509,2021,325705.0,2262527.0,0.0,2588232,0.0,141517.0,0.0,2535071,803429,339328
410,Taylor Diversion Programs,455413509,2020,325700.0,2340131.0,0.0,2665831,0.0,20175.0,0.0,2290816,752045,431875
411,Taylor Diversion Programs,455413509,2019,340302.0,1388188.0,0.0,1728490,110000.0,158089.0,0.0,2009180,1113134,775076
412,Mon Valley Initiative,251591350,2021,2834744.0,3176218.0,78790.0,6776914,286601.0,101025.0,0.0,5935490,13834509,2838580
413,Mon Valley Initiative,251591350,2020,3254508.0,2105534.0,57441.0,6065542,187520.0,103387.0,0.0,3222954,12722267,2484874
414,Mon Valley Initiative,251591350,2019,2065724.0,369593.0,49236.0,3065746,183774.0,99836.0,0.0,3055465,13069679,4564836
415,Sarah Heinz House Association,250965390,2021,1769522.0,272885.0,36546.0,2013433,268325.0,99069.0,0.0,2880680,14709378,62926
416,Sarah Heinz House Association,250965390,2020,3817570.0,132438.0,31453.0,3999410,237912.0,85228.0,0.0,2545614,15750954,235954
417,Sarah Heinz House Association,250965390,2019,3581180.0,426130.0,69116.0,4122928,213706.0,85324.0,0.0,2673226,14532609,508055
418,Jeremiah's Place Pittsburgh Relief Nursery,451866754,2021,1313171.0,0.0,89.0,1313260,59516.0,51872.0,0.0,821327,1098951,12998
419,Jeremiah's Place Pittsburgh Relief Nursery,451866754,2020,799466.0,0.0,80.0,799546,114661.0,52837.0,0.0,825338,635540,41520
420,Jeremiah's Place Pittsburgh Relief Nursery,451866754,2019,648227.0,0.0,94.0,652269,104876.0,46679.0,0.0,810566,628708,8896
421,Center For Community Resources Inc.,20585594,2021,11222000.0,7309532.0,0.0,18844697,447697.0,598278.0,0.0,16337445,7136573,1192630
422,Center For Community Resources Inc.,20585594,2020,7374757.0,5794033.0,0.0,13472911,326089.0,510551.0,0.0,13194998,6076686,2639995
423,Center For Community Resources Inc.,20585594,2019,5802120.0,4634042.0,0.0,10673718,288760.0,401299.0,0.0,10548934,3877565,718787
424,Service Access & Management Inc.,232897133,2021,0.0,88187788.0,493388.0,89154160,912680.0,3142531.0,0.0,88416194,35713414,25156264
425,Service Access & Management Inc.,232897133,2020,0.0,82658410.0,38507.0,83002674,884763.0,2935598.0,0.0,80579262,30233906,20414722
426,Service Access & Management Inc.,232897133,2019,0.0,80923775.0,58334.0,81399006,769946.0,2738858.0,0.0,80314150,27634151,20238379
427,Beverly's Birthdays,454248006,2021,2170080.0,0.0,0.0,2160798,90088.0,40231.0,0.0,1620577,988379,0
428,Beverly's Birthdays,454248006,2020,1742517.0,0.0,0.0,1729886,84488.0,29738.0,0.0,1736315,514058,65900
429,Beverly's Birthdays,454248006,2019,1325838.0,0.0,0.0,1360136,66970.0,24874.0,0.0,1148834,454587,0
430,L2 Community Support,812264492,2021,504419.0,0.0,0.0,504419,0.0,0.0,0.0,463114,79837,19007
431,L2 Community Support,812264492,2020,338588.0,0.0,0.0,339018,0.0,0.0,0.0,495562,49108,29583
432,L2 Community Support,812264492,2019,512029.0,0.0,0.0,520488,0.0,0.0,0.0,635088,194250,18181
433,Not Forgotten Home & Community Services,473548237,2021,85926.0,5391347.0,398.0,5477671,890229.0,390881.0,0.0,6173345,1152163,783726
434,Not Forgotten Home & Community Services,473548237,2020,589151.0,4881340.0,1888.0,5472379,741531.0,338968.0,0.0,5071026,1859689,795578
435,Not Forgotten Home & Community Services,473548237,2019,146745.0,4241992.0,53.0,4388740,641085.0,358765.0,0.0,4075561,664113,1350
436,Homewood Children's Village,271885583,2021,2534412.0,738762.0,312.0,3280398,383368.0,137401.0,0.0,2627241,2684180,250133
437,Homewood Children's Village,271885583,2020,2007582.0,386259.0,3031.0,2399071,402888.0,116289.0,0.0,2127888,1878277,331587
438,Homewood Children's Village,271885583,2019,1909903.0,284020.0,1256.0,2204470,274018.0,129093.0,0.0,2180157,1364118,88611
439,Alliance For Nonprofit Resources,263838512,2021,9575765.0,1726683.0,0.0,13269678,0.0,486177.0,0.0,11799080,3208567,1159594
440,Alliance For Nonprofit Resources,263838512,2020,7885297.0,1145416.0,0.0,10484451,0.0,485360.0,0.0,11148728,3633277,3054902
441,Alliance For Nonprofit Resources,263838512,2019,7795299.0,1064712.0,0.0,9963851,0.0,428518.0,0.0,9879760,2673650,1430998
442,Healthy Start Inc.,251691864,2021,3159835.0,41550.0,195.0,3224058,207269.0,161119.0,0.0,3037001,1242613,184222
443,Healthy Start Inc.,251691864,2020,2280176.0,0.0,8061.0,2294336,158277.0,108762.0,0.0,2126964,1002218,130884
444,Healthy Start Inc.,251691864,2019,2045963.0,7188.0,677.0,2057776,106619.0,98706.0,0.0,1890834,792328,88366
445,Hugh Lane Wellness Foundation The,821940719,2021,1533842.0,25373.0,0.0,1571634,0.0,31062.0,0.0,1031667,1634716,55239
446,Hugh Lane Wellness Foundation The,821940719,2020,481567.0,76439.0,0.0,558006,0.0,15857.0,0.0,452231,1187764,154678
447,Hugh Lane Wellness Foundation The,821940719,2019,761708.0,0.0,0.0,761708,0.0,1651.0,0.0,300942,944330,17019
448,Latino Community Center,820647985,2021,2087928.0,28600.0,0.0,2107133,92248.0,67680.0,0.0,1486326,1517428,128658
449,Latino Community Center,820647985,2020,1237725.0,0.0,0.0,1236316,71500.0,28065.0,0.0,589990,874944,106981
450,Latino Community Center,820647985,2019,296194.0,0.0,0.0,296194,68250.0,21583.0,0.0,423524,134912,13275
451,Family Care For Children And Youth Inc.,232720983,2021,0.0,4312909.0,8968.0,4324059,0.0,115821.0,0.0,4198970,3537218,900618
452,Family Care For Children And Youth Inc.,232720983,2020,0.0,4274198.0,10086.0,4283516,0.0,0.0,0.0,4066975,3422577,959435
453,Family Care For Children And Youth Inc.,232720983,2019,0.0,4179395.0,9027.0,4209465,0.0,0.0,0.0,4074181,3291501,1055449
454,A Childs Place Pa,824982608,2021,2305800.0,447626.0,1485.0,2766133,123153.0,121723.0,0.0,2255579,3251139,379832
455,A Childs Place Pa,824982608,2020,1282475.0,287710.0,9551.0,1599486,94212.0,60932.0,0.0,1347294,2960236,599483
456,Community Data Roundtable,460808440,2021,0.0,562698.0,340.0,563038,250000.0,27436.0,0.0,520207,536724,0
457,Community Data Roundtable,460808440,2020,0.0,541442.0,287.0,541729,117800.0,23176.0,0.0,420819,493893,0
458,Community Data Roundtable,460808440,2019,0.0,579630.0,253.0,579883,115000.0,21826.0,0.0,449825,372983,0
459,Amachi Pittsburgh,453717455,2021,1007927.0,0.0,0.0,1051694,123974.0,38320.0,0.0,763019,915757,114075
460,Amachi Pittsburgh,453717455,2020,714982.0,0.0,0.0,715926,123193.0,22409.0,0.0,595726,622985,109978
461,Amachi Pittsburgh,453717455,2019,716354.0,0.0,0.0,716354,120710.0,28067.0,0.0,710251,423791,30984
462,Western Pennsylvania Diaper Bank,352461923,2021,239325.0,0.0,1.0,250018,52800.0,12294.0,0.0,329423,222314,4595
463,Western Pennsylvania Diaper Bank,352461923,2020,500169.0,0.0,1.0,500172,36000.0,6193.0,0.0,289115,297505,381
464,Western Pennsylvania Diaper Bank,352461923,2019,,,,0,,,,0,92890,6823
465,Poise Foundation,251393426,2021,10075289.0,101153.0,379802.0,10674894,263437.0,163394.0,0.0,5615153,17239498,1737939
466,Poise Foundation,251393426,2020,6847735.0,113819.0,215683.0,7196615,223000.0,142468.0,0.0,3739682,11577521,1505514
467,Poise Foundation,251393426,2019,2113527.0,202780.0,268397.0,2972201,227180.0,47328.0,0.0,2619758,7706037,1508148
468,Foster Love Project,812263514,2021,989550.0,6401.0,0.0,996433,57229.0,12886.0,0.0,594996,701374,24573
469,Foster Love Project,812263514,2020,549415.0,5738.0,0.0,555894,38987.0,9291.0,0.0,384646,294645,19281
470,Foster Love Project,812263514,2019,345071.0,0.0,0.0,345931,53155.0,6126.0,0.0,345444,105423,1307
471,Casa San Jose,464729004,2021,2026900.0,0.0,2681.0,2019188,106943.0,47795.0,12473.0,1525845,1978351,137387
472,Casa San Jose,464729004,2020,1709141.0,0.0,1097.0,1705873,35116.0,30453.0,8530.0,1048897,1826977,557191
473,Casa San Jose,464729004,2019,646340.0,2050.0,2491.0,649056,205704.0,0.0,0.0,443387,525083,30278
474,Planned Parenthood Of Western Pennsylvania,250965474,2021,3256153.0,2620514.0,44528.0,6033094,143352.0,213936.0,0.0,5961132,11040315,1085815
475,Planned Parenthood Of Western Pennsylvania,250965474,2020,3118246.0,3146044.0,66789.0,6348244,142099.0,214611.0,0.0,6172015,10036154,1058088
476,Planned Parenthood Of Western Pennsylvania,250965474,2019,2719957.0,3056562.0,61157.0,5808359,136197.0,188646.0,0.0,5517008,9171325,383274
477,Manchester Academic Charter School,232952364,2021,863740.0,7765347.0,1414.0,8630501,241214.0,283506.0,9150.0,8525391,8539454,1672463
478,Manchester Academic Charter School,232952364,2020,1652388.0,7656489.0,10692.0,9319569,235714.0,278731.0,15338.0,8313832,8117510,1355629
479,Manchester Academic Charter School,232952364,2019,2587916.0,6904777.0,19430.0,9512123,255848.0,254030.0,62280.0,7654163,7057505,1301361
480,Neighborhood Resilience Project,832086038,2021,1727720.0,0.0,291.0,1753011,70792.0,0.0,0.0,1096056,2128216,69481
481,Neighborhood Resilience Project,832086038,2020,1559860.0,0.0,0.0,1571633,62293.0,0.0,0.0,740723,1498749,96969
482,Neighborhood Resilience Project,832086038,2019,584000.0,0.0,0.0,584000,0.0,0.0,0.0,13130,570870,0
483,Slb Radio Productions Inc.,251859072,2021,751275.0,234344.0,130.0,985670,99996.0,35351.0,0.0,650651,1749917,1108562
484,Slb Radio Productions Inc.,251859072,2020,389593.0,172763.0,489.0,562845,97357.0,32119.0,0.0,538076,736328,431030
485,Slb Radio Productions Inc.,251859072,2019,385957.0,266326.0,695.0,662828,97544.0,36004.0,0.0,598004,552114,271585
486,Locally Grown,842148701,2021,598387.0,181884.0,0.0,806803,78210.0,0.0,0.0,830775,1291535,1251496
487,Locally Grown,842148701,2020,570335.0,32855.0,0.0,603190,0.0,13297.0,0.0,194960,934035,525000
488,Neighborhood Allies,251578436,2021,4323786.0,469890.0,184239.0,5002957,184061.0,118119.0,0.0,5045716,18216384,261913
489,Neighborhood Allies,251578436,2020,10489696.0,215406.0,188412.0,10893514,183680.0,88875.0,0.0,4229300,17244366,205801
490,Neighborhood Allies,251578436,2019,8879224.0,285670.0,76784.0,9241678,175171.0,58615.0,0.0,3247153,10199080,471459
491,Operation Better Block Inc.,237157433,2021,1611286.0,6664.0,142.0,1632920,93750.0,50691.0,0.0,1455234,2637731,601861
492,Operation Better Block Inc.,237157433,2020,1783443.0,15410.0,230.0,1864944,93750.0,40709.0,0.0,1306013,2229990,371806
493,Operation Better Block Inc.,237157433,2019,1379133.0,0.0,375.0,1445694,0.0,36968.0,0.0,1044010,1401780,144474
494,Community Kitchen Pittsburgh,901009621,2021,577809.0,2403449.0,87932.0,3535671,85000.0,56905.0,0.0,2792555,3711326,179416
495,Community Kitchen Pittsburgh,901009621,2020,1455401.0,1209065.0,45135.0,2751793,85000.0,53436.0,0.0,1890521,3137679,348885
496,Community Kitchen Pittsburgh,901009621,2019,1343113.0,1378031.0,56292.0,2805938,78427.0,62673.0,0.0,2282505,2086089,158567
497,Healthy Village Learning Institute,474959758,2019,,,,0,,,,0,186867,0
498,Alliance For Refugee Youth Support And Education,461802136,2021,409352.0,0.0,5.0,409778,26682.0,15006.0,0.0,368102,248604,6485
499,Alliance For Refugee Youth Support And Education,461802136,2020,418632.0,0.0,329.0,420399,38719.0,17994.0,0.0,277360,208440,7997
500,Alliance For Refugee Youth Support And Education,461802136,2019,,,,0,,,,0,79475,22071
501,Ach Clear Pathways,300609317,2021,1993937.0,12764.0,0.0,2064634,83077.0,35272.0,0.0,1092168,5859820,1930951
502,Ach Clear Pathways,300609317,2020,1081465.0,3901.0,0.0,1129092,78144.0,23894.0,0.0,765901,4127643,1171240
503,Ach Clear Pathways,300609317,2019,2584887.0,18818.0,0.0,2607679,61882.0,20887.0,0.0,434693,2414427,1215
504,Literacy Pittsburgh,251392652,2021,4479149.0,452340.0,65224.0,5005452,357850.0,196148.0,0.0,4320842,5702076,407842
505,Literacy Pittsburgh,251392652,2020,4491546.0,379806.0,83233.0,4944151,234856.0,156403.0,0.0,4358606,4776733,874501
506,Literacy Pittsburgh,251392652,2019,3637876.0,276256.0,135190.0,4058178,263695.0,178103.0,0.0,4086003,3603980,164149
507,The Pittsburgh Contingency,455398705,2021,853072.0,71996.0,0.0,925068,30000.0,19137.0,0.0,688567,598494,16743
508,The Pittsburgh Contingency,455398705,2020,688708.0,54439.0,0.0,743147,30000.0,14573.0,0.0,591824,360305,15055
509,The Pittsburgh Contingency,455398705,2019,601900.0,51602.0,0.0,653502,30000.0,15718.0,0.0,616389,216649,22722
510,Unity Recovery,833604971,2021,1809276.0,0.0,0.0,2821333,86350.0,88633.0,0.0,1682277,1478163,5037
511,Unity Recovery,833604971,2020,668943.0,0.0,0.0,668943,58333.0,27185.0,0.0,545460,204490,17348
512,Urban Academy Of Greater Pittsburgh Charter School,251814573,2021,503379.0,6309028.0,226000.0,7256694,483989.0,255283.0,0.0,6164580,4932864,790295
513,Urban Academy Of Greater Pittsburgh Charter School,251814573,2020,413385.0,6144393.0,45755.0,6641822,462783.0,249733.0,0.0,5982438,3725389,674934
514,Urban Academy Of Greater Pittsburgh Charter School,251814573,2019,423920.0,6057973.0,31538.0,6563003,128556.0,305981.0,0.0,5970679,3093973,702900
515,Pinkney's Vineyard Of Faith Ministries,10798928,2019,597015.0,0.0,0.0,597015,128708.0,26987.0,0.0,596518,75631,40504
516,Bhutanese Community Association Of Pittsburgh,300742370,2021,390794.0,6619.0,0.0,397413,60669.0,29710.0,0.0,230463,511780,1386
517,Bhutanese Community Association Of Pittsburgh,300742370,2020,411621.0,16869.0,12.0,428502,56468.0,29875.0,0.0,221938,357790,14346
518,Bhutanese Community Association Of Pittsburgh,300742370,2019,204710.0,18933.0,0.0,223643,53900.0,23439.0,0.0,189734,144957,8077
519,Community Foundation Of Greater Johnstown,251637373,2021,11321125.0,192064.0,1237767.0,16233358,218125.0,44751.0,0.0,12963244,97627498,14063792
520,Community Foundation Of Greater Johnstown,251637373,2020,12383674.0,132503.0,956370.0,15083795,211234.0,41160.0,0.0,10090388,78933387,10962884
521,Community Foundation Of Greater Johnstown,251637373,2019,8036242.0,183906.0,465230.0,11977837,199263.0,38439.0,0.0,6919640,74104567,11096347
522,Blair Senior Services Inc.,251259406,2021,852358.0,9033316.0,2697.0,9908789,174521.0,249268.0,0.0,9083956,8702811,2239735
523,Blair Senior Services Inc.,251259406,2020,547611.0,9471826.0,31762.0,10330101,165687.0,267800.0,0.0,9852592,7308939,1395047
524,Blair Senior Services Inc.,251259406,2019,400388.0,9534360.0,31757.0,10001007,3971189.0,285403.0,0.0,9840449,7307187,1870804
525,Bridge To The Mountains Inc.,821631936,2021,395451.0,236585.0,132.0,632168,110000.0,24028.0,0.0,570805,229379,0
526,Bridge To The Mountains Inc.,821631936,2020,407342.0,199981.0,0.0,607323,111423.0,46325.0,0.0,471525,168016,0
527,Bridge To The Mountains Inc.,821631936,2019,,,,0,,,,0,32218,0
528,Drug And Alcohol Rehabilitation Services Inc.,231289242,2021,1250150.0,2164299.0,6016.0,3342913,105919.0,135787.0,0.0,2748874,4687395,1811550
529,Drug And Alcohol Rehabilitation Services Inc.,231289242,2020,88091.0,2514561.0,5581.0,2548912,109304.0,155987.0,0.0,3064694,4155683,1968653
530,Drug And Alcohol Rehabilitation Services Inc.,231289242,2019,25677.0,2721732.0,11984.0,2711024,111426.0,155068.0,0.0,3105226,4269004,1516085
531,Assemble Inc,451582644,2021,698077.0,92511.0,90.0,795957,47635.0,29710.0,0.0,583113,569796,0
532,Assemble Inc,451582644,2020,424168.0,78006.0,241.0,502565,41086.0,23263.0,0.0,449001,356952,0
533,Assemble Inc,451582644,2019,468354.0,93767.0,196.0,564491,42096.0,26234.0,0.0,371076,303388,0
534,Pittsburgh Hispanic Development Corporation,461628676,2021,425437.0,35665.0,3.0,461105,0.0,8373.0,0.0,399847,550983,0
535,Pittsburgh Hispanic Development Corporation,461628676,2020,648553.0,12927.0,3.0,676246,0.0,7900.0,0.0,480126,539362,49637
536,Pittsburgh Hispanic Development Corporation,461628676,2019,578415.0,8120.0,4.0,586539,0.0,5892.0,0.0,581568,348157,54552
537,Northern Children's Services,231396803,2021,4033045.0,3135757.0,0.0,7729982,185553.0,253624.0,0.0,7235003,13817122,5907051
538,Northern Children's Services,231396803,2020,2824426.0,4099254.0,0.0,6950508,126988.0,311889.0,0.0,7189074,21097150,14424130
539,Northern Children's Services,231396803,2019,3973929.0,4369537.0,0.0,8345954,145000.0,231408.0,0.0,9637292,20823434,13911848
540,Young Scholars Of Western Pennsylvania Charter School,273243254,2021,516094.0,7032348.0,20524.0,8456741,263251.0,219461.0,0.0,5947520,5198979,3762156
541,Young Scholars Of Western Pennsylvania Charter School,273243254,2020,374982.0,6462139.0,22354.0,7185627,286958.0,220668.0,0.0,6211133,3730609,4803007
542,Young Scholars Of Western Pennsylvania Charter School,273243254,2019,379329.0,5965435.0,25872.0,6372806,270274.0,222349.0,0.0,6274839,3602248,5649140
543,City Mission Living Stones Inc.,251605762,2021,2371627.0,104970.0,3885.0,2480482,0.0,0.0,0.0,2314856,5504686,1553776
544,City Mission Living Stones Inc.,251605762,2020,1528960.0,256459.0,42.0,1781298,0.0,0.0,0.0,1926787,5643424,1858140
545,City Mission Living Stones Inc.,251605762,2019,2080869.0,82358.0,3724.0,2154932,0.0,0.0,0.0,1701459,4536153,605380
546,Foundation For Cognitive Therapy And Research,232051226,2021,488666.0,5877232.0,223074.0,6963701,614708.0,274883.0,0.0,6992272,13423917,736097
547,Foundation For Cognitive Therapy And Research,232051226,2020,792992.0,5397367.0,338460.0,6713723,594648.0,213172.0,0.0,6145317,12930949,1150394
548,Foundation For Cognitive Therapy And Research,232051226,2019,395311.0,4018893.0,383244.0,5407621,602949.0,160823.0,0.0,5223410,11829306,1063110
549,The Forbes Funds,251418095,2021,2708698.0,278249.0,161488.0,3486741,254869.0,54710.0,0.0,2450807,11532180,443447
550,The Forbes Funds,251418095,2020,1848570.0,58146.0,166688.0,2202842,235963.0,46046.0,0.0,2338217,9800019,623633
551,The Forbes Funds,251418095,2019,1502830.0,325451.0,168653.0,2139922,216867.0,44863.0,0.0,2225199,9406238,623829
